INSERT INTO musicsite.albums (id, average, name, proposition, year_of_publication, performer_id) VALUES (1, 3.5, 'Szacunek ludzi ulicy', false, '2006', 1);
INSERT INTO musicsite.albums (id, average, name, proposition, year_of_publication, performer_id) VALUES (2, 3.5, 'Najlepszą obroną jest atak', false, '2005', 1);
INSERT INTO musicsite.albums (id, average, name, proposition, year_of_publication, performer_id) VALUES (3, 2.5, 'Kaya', false, '1978', 2);
INSERT INTO musicsite.albums (id, average, name, proposition, year_of_publication, performer_id) VALUES (4, 5, 'Flesh of my flesh blood of my blood', false, '1998', 3);
INSERT INTO musicsite.albums (id, average, name, proposition, year_of_publication, performer_id) VALUES (5, 3.5, 'Reedukacja', false, '2011', 1);
INSERT INTO musicsite.albums (id, average, name, proposition, year_of_publication, performer_id) VALUES (6, 4.5, 'Midnight marauders', false, '1993', 4);
INSERT INTO musicsite.albums (id, average, name, proposition, year_of_publication, performer_id) VALUES (7, 4.5, 'The Miseducation of Lauryn Hill', false, '1998', 6);
INSERT INTO musicsite.albums (id, average, name, proposition, year_of_publication, performer_id) VALUES (8, 3.5, 'Insert EP', false, '2008', 7);
INSERT INTO musicsite.albums (id, average, name, proposition, year_of_publication, performer_id) VALUES (9, 4, 'Baduizm', false, '1997', 10);
INSERT INTO musicsite.albums (id, average, name, proposition, year_of_publication, performer_id) VALUES (10, 4, 'Blues On The Bayou', false, '1998', 8);
INSERT INTO musicsite.albums (id, average, name, proposition, year_of_publication, performer_id) VALUES (11, 3, 'Please Please Me', false, '1963', 23);
INSERT INTO musicsite.albums_categories (albums_id, categories_id) VALUES (1, 1);
INSERT INTO musicsite.albums_categories (albums_id, categories_id) VALUES (2, 1);
INSERT INTO musicsite.albums_categories (albums_id, categories_id) VALUES (3, 4);
INSERT INTO musicsite.albums_categories (albums_id, categories_id) VALUES (4, 1);
INSERT INTO musicsite.albums_categories (albums_id, categories_id) VALUES (7, 1);
INSERT INTO musicsite.albums_categories (albums_id, categories_id) VALUES (7, 6);
INSERT INTO musicsite.albums_categories (albums_id, categories_id) VALUES (7, 7);
INSERT INTO musicsite.albums_categories (albums_id, categories_id) VALUES (8, 1);
INSERT INTO musicsite.albums_categories (albums_id, categories_id) VALUES (5, 1);
INSERT INTO musicsite.albums_categories (albums_id, categories_id) VALUES (6, 1);
INSERT INTO musicsite.albums_categories (albums_id, categories_id) VALUES (9, 6);
INSERT INTO musicsite.albums_categories (albums_id, categories_id) VALUES (9, 7);
INSERT INTO musicsite.albums_categories (albums_id, categories_id) VALUES (10, 9);
INSERT INTO musicsite.albums_categories (albums_id, categories_id) VALUES (11, 2);
INSERT INTO musicsite.categories (id, name) VALUES (9, 'Blues‎');
INSERT INTO musicsite.categories (id, name) VALUES (15, 'Classical music');
INSERT INTO musicsite.categories (id, name) VALUES (10, 'Country');
INSERT INTO musicsite.categories (id, name) VALUES (17, 'Dance music');
INSERT INTO musicsite.categories (id, name) VALUES (11, 'Film music');
INSERT INTO musicsite.categories (id, name) VALUES (8, 'Funk');
INSERT INTO musicsite.categories (id, name) VALUES (12, 'Jazz');
INSERT INTO musicsite.categories (id, name) VALUES (18, 'Metal');
INSERT INTO musicsite.categories (id, name) VALUES (3, 'Pop');
INSERT INTO musicsite.categories (id, name) VALUES (1, 'Rap');
INSERT INTO musicsite.categories (id, name) VALUES (4, 'Reggae');
INSERT INTO musicsite.categories (id, name) VALUES (6, 'Rhythm and blues');
INSERT INTO musicsite.categories (id, name) VALUES (2, 'Rock');
INSERT INTO musicsite.categories (id, name) VALUES (7, 'Soul');
INSERT INTO musicsite.categories (id, name) VALUES (16, 'Sung poetry');
INSERT INTO musicsite.categories (id, name) VALUES (5, 'Trip-hop');
INSERT INTO musicsite.comments (id, content, album_id, performer_id, track_id, user_id) VALUES (21, 'Tauuuuuuu', null, 5, null, 1);
INSERT INTO musicsite.performers (id, average, first_name, last_name, proposition, pseudonym) VALUES (1, 4, 'Ryszard', 'Andrzejewski', false, 'Peja');
INSERT INTO musicsite.performers (id, average, first_name, last_name, proposition, pseudonym) VALUES (2, 4.5, 'Bob', 'Marley', false, 'Bob Marley & The Wailers');
INSERT INTO musicsite.performers (id, average, first_name, last_name, proposition, pseudonym) VALUES (3, 3.6666666666666665, 'Earl', 'Simmons', false, 'DMX');
INSERT INTO musicsite.performers (id, average, first_name, last_name, proposition, pseudonym) VALUES (4, 4.333333333333333, null, null, false, 'A Tribe Called Quest');
INSERT INTO musicsite.performers (id, average, first_name, last_name, proposition, pseudonym) VALUES (5, 4.666666666666667, 'Piotr', 'Kowalczyk', false, 'Tau');
INSERT INTO musicsite.performers (id, average, first_name, last_name, proposition, pseudonym) VALUES (6, 2.6666666666666665, 'Lauryn', 'Hill', false, 'Lauryn Hill');
INSERT INTO musicsite.performers (id, average, first_name, last_name, proposition, pseudonym) VALUES (7, 3.3333333333333335, 'Adam', 'Zieliński', false, 'Łona');
INSERT INTO musicsite.performers (id, average, first_name, last_name, proposition, pseudonym) VALUES (8, 4.333333333333333, 'Riley Ben', 'King', false, 'B.B. King');
INSERT INTO musicsite.performers (id, average, first_name, last_name, proposition, pseudonym) VALUES (9, 3.3333333333333335, 'Eric', 'Clapton', false, 'Eric Clapton');
INSERT INTO musicsite.performers (id, average, first_name, last_name, proposition, pseudonym) VALUES (10, 4.666666666666667, 'Erykah', 'Badu', false, 'Erykah Badu');
INSERT INTO musicsite.performers (id, average, first_name, last_name, proposition, pseudonym) VALUES (11, 3.6666666666666665, null, null, false, 'Esbjorn Svensson Trio');
INSERT INTO musicsite.performers (id, average, first_name, last_name, proposition, pseudonym) VALUES (12, 3.3333333333333335, 'Isaac', 'Hayes', false, 'Isaac Hayes');
INSERT INTO musicsite.performers (id, average, first_name, last_name, proposition, pseudonym) VALUES (13, 4.666666666666667, 'Jacek', 'Kaczmarski', false, 'Jacek Kaczmarski');
INSERT INTO musicsite.performers (id, average, first_name, last_name, proposition, pseudonym) VALUES (14, 3.3333333333333335, 'Przemysław', 'Gintrowski', false, 'Przemysław Gintrowski');
INSERT INTO musicsite.performers (id, average, first_name, last_name, proposition, pseudonym) VALUES (15, 3.5, 'Zbigniew', 'Łapiński', false, 'Zbigniew Łapiński');
INSERT INTO musicsite.performers (id, average, first_name, last_name, proposition, pseudonym) VALUES (16, 3.6666666666666665, null, null, false, 'Led Zeppelin');
INSERT INTO musicsite.performers (id, average, first_name, last_name, proposition, pseudonym) VALUES (17, 4.666666666666667, 'Miles', 'Davis', false, 'Miles Davis');
INSERT INTO musicsite.performers (id, average, first_name, last_name, proposition, pseudonym) VALUES (18, 3.6666666666666665, 'Peter', 'Tosh', false, 'Peter Tosh');
INSERT INTO musicsite.performers (id, average, first_name, last_name, proposition, pseudonym) VALUES (19, 4.333333333333333, null, null, false, 'Pink Floyd');
INSERT INTO musicsite.performers (id, average, first_name, last_name, proposition, pseudonym) VALUES (20, 4, null, null, false, 'The Doors');
INSERT INTO musicsite.performers (id, average, first_name, last_name, proposition, pseudonym) VALUES (21, 4.333333333333333, null, null, false, 'The Rolling Stones');
INSERT INTO musicsite.performers (id, average, first_name, last_name, proposition, pseudonym) VALUES (23, 0, '', '', false, 'The Beatles');
INSERT INTO musicsite.ratings (id, rating, album_id, performer_id, track_id, user_id) VALUES (1, 4, null, 1, null, 2);
INSERT INTO musicsite.ratings (id, rating, album_id, performer_id, track_id, user_id) VALUES (2, 3, null, 1, null, 3);
INSERT INTO musicsite.ratings (id, rating, album_id, performer_id, track_id, user_id) VALUES (6, 4, 1, null, null, 1);
INSERT INTO musicsite.ratings (id, rating, album_id, performer_id, track_id, user_id) VALUES (7, 3, null, 11, null, 1);
INSERT INTO musicsite.ratings (id, rating, album_id, performer_id, track_id, user_id) VALUES (8, 4, null, 21, null, 1);
INSERT INTO musicsite.ratings (id, rating, album_id, performer_id, track_id, user_id) VALUES (9, 5, null, 20, null, 1);
INSERT INTO musicsite.ratings (id, rating, album_id, performer_id, track_id, user_id) VALUES (10, 3, null, 19, null, 1);
INSERT INTO musicsite.ratings (id, rating, album_id, performer_id, track_id, user_id) VALUES (11, 4, null, 18, null, 1);
INSERT INTO musicsite.ratings (id, rating, album_id, performer_id, track_id, user_id) VALUES (12, 5, null, 17, null, 1);
INSERT INTO musicsite.ratings (id, rating, album_id, performer_id, track_id, user_id) VALUES (13, 2, null, 16, null, 1);
INSERT INTO musicsite.ratings (id, rating, album_id, performer_id, track_id, user_id) VALUES (14, 3, null, 15, null, 1);
INSERT INTO musicsite.ratings (id, rating, album_id, performer_id, track_id, user_id) VALUES (15, 4, null, 14, null, 1);
INSERT INTO musicsite.ratings (id, rating, album_id, performer_id, track_id, user_id) VALUES (16, 5, null, 13, null, 1);
INSERT INTO musicsite.ratings (id, rating, album_id, performer_id, track_id, user_id) VALUES (17, 2, null, 12, null, 1);
INSERT INTO musicsite.ratings (id, rating, album_id, performer_id, track_id, user_id) VALUES (18, 4, null, 10, null, 1);
INSERT INTO musicsite.ratings (id, rating, album_id, performer_id, track_id, user_id) VALUES (19, 5, null, 9, null, 1);
INSERT INTO musicsite.ratings (id, rating, album_id, performer_id, track_id, user_id) VALUES (20, 3, null, 8, null, 1);
INSERT INTO musicsite.ratings (id, rating, album_id, performer_id, track_id, user_id) VALUES (21, 4, null, 7, null, 1);
INSERT INTO musicsite.ratings (id, rating, album_id, performer_id, track_id, user_id) VALUES (22, 3, null, 6, null, 1);
INSERT INTO musicsite.ratings (id, rating, album_id, performer_id, track_id, user_id) VALUES (23, 4, null, 5, null, 1);
INSERT INTO musicsite.ratings (id, rating, album_id, performer_id, track_id, user_id) VALUES (24, 5, null, 4, null, 1);
INSERT INTO musicsite.ratings (id, rating, album_id, performer_id, track_id, user_id) VALUES (25, 2, null, 3, null, 1);
INSERT INTO musicsite.ratings (id, rating, album_id, performer_id, track_id, user_id) VALUES (26, 4, null, 2, null, 1);
INSERT INTO musicsite.ratings (id, rating, album_id, performer_id, track_id, user_id) VALUES (27, 5, 10, null, null, 1);
INSERT INTO musicsite.ratings (id, rating, album_id, performer_id, track_id, user_id) VALUES (28, 4, 9, null, null, 1);
INSERT INTO musicsite.ratings (id, rating, album_id, performer_id, track_id, user_id) VALUES (29, 2, 8, null, null, 1);
INSERT INTO musicsite.ratings (id, rating, album_id, performer_id, track_id, user_id) VALUES (30, 5, 7, null, null, 1);
INSERT INTO musicsite.ratings (id, rating, album_id, performer_id, track_id, user_id) VALUES (31, 5, 6, null, null, 1);
INSERT INTO musicsite.ratings (id, rating, album_id, performer_id, track_id, user_id) VALUES (32, 3, 5, null, null, 1);
INSERT INTO musicsite.ratings (id, rating, album_id, performer_id, track_id, user_id) VALUES (33, 5, 4, null, null, 1);
INSERT INTO musicsite.ratings (id, rating, album_id, performer_id, track_id, user_id) VALUES (34, 3, 3, null, null, 1);
INSERT INTO musicsite.ratings (id, rating, album_id, performer_id, track_id, user_id) VALUES (35, 2, 2, null, null, 1);
INSERT INTO musicsite.ratings (id, rating, album_id, performer_id, track_id, user_id) VALUES (36, 4, null, null, 1, 1);
INSERT INTO musicsite.ratings (id, rating, album_id, performer_id, track_id, user_id) VALUES (37, 4, null, null, 4, 1);
INSERT INTO musicsite.ratings (id, rating, album_id, performer_id, track_id, user_id) VALUES (38, 5, null, null, 5, 1);
INSERT INTO musicsite.ratings (id, rating, album_id, performer_id, track_id, user_id) VALUES (39, 4, null, null, 6, 1);
INSERT INTO musicsite.ratings (id, rating, album_id, performer_id, track_id, user_id) VALUES (40, 4, null, null, 7, 1);
INSERT INTO musicsite.ratings (id, rating, album_id, performer_id, track_id, user_id) VALUES (41, 2, null, null, 8, 1);
INSERT INTO musicsite.ratings (id, rating, album_id, performer_id, track_id, user_id) VALUES (42, 5, null, null, 9, 1);
INSERT INTO musicsite.ratings (id, rating, album_id, performer_id, track_id, user_id) VALUES (43, 1, null, null, 10, 1);
INSERT INTO musicsite.ratings (id, rating, album_id, performer_id, track_id, user_id) VALUES (44, 5, null, null, 20, 1);
INSERT INTO musicsite.ratings (id, rating, album_id, performer_id, track_id, user_id) VALUES (45, 3, null, null, 19, 1);
INSERT INTO musicsite.ratings (id, rating, album_id, performer_id, track_id, user_id) VALUES (46, 4, null, null, 18, 1);
INSERT INTO musicsite.ratings (id, rating, album_id, performer_id, track_id, user_id) VALUES (47, 5, null, null, 17, 1);
INSERT INTO musicsite.ratings (id, rating, album_id, performer_id, track_id, user_id) VALUES (48, 5, null, null, 24, 1);
INSERT INTO musicsite.ratings (id, rating, album_id, performer_id, track_id, user_id) VALUES (49, 3, null, null, 23, 1);
INSERT INTO musicsite.ratings (id, rating, album_id, performer_id, track_id, user_id) VALUES (50, 5, null, null, 22, 1);
INSERT INTO musicsite.ratings (id, rating, album_id, performer_id, track_id, user_id) VALUES (51, 3, null, null, 21, 1);
INSERT INTO musicsite.ratings (id, rating, album_id, performer_id, track_id, user_id) VALUES (52, 3, null, null, 16, 1);
INSERT INTO musicsite.ratings (id, rating, album_id, performer_id, track_id, user_id) VALUES (53, 5, null, null, 15, 1);
INSERT INTO musicsite.ratings (id, rating, album_id, performer_id, track_id, user_id) VALUES (54, 4, null, null, 14, 1);
INSERT INTO musicsite.ratings (id, rating, album_id, performer_id, track_id, user_id) VALUES (55, 5, null, null, 13, 1);
INSERT INTO musicsite.ratings (id, rating, album_id, performer_id, track_id, user_id) VALUES (56, 2, null, null, 12, 1);
INSERT INTO musicsite.ratings (id, rating, album_id, performer_id, track_id, user_id) VALUES (57, 4, null, null, 11, 1);
INSERT INTO musicsite.ratings (id, rating, album_id, performer_id, track_id, user_id) VALUES (58, 5, null, null, 25, 1);
INSERT INTO musicsite.ratings (id, rating, album_id, performer_id, track_id, user_id) VALUES (59, 4, null, null, 26, 1);
INSERT INTO musicsite.ratings (id, rating, album_id, performer_id, track_id, user_id) VALUES (60, 4, null, null, 27, 1);
INSERT INTO musicsite.ratings (id, rating, album_id, performer_id, track_id, user_id) VALUES (61, 5, null, null, 28, 1);
INSERT INTO musicsite.ratings (id, rating, album_id, performer_id, track_id, user_id) VALUES (62, 3, null, null, 29, 1);
INSERT INTO musicsite.ratings (id, rating, album_id, performer_id, track_id, user_id) VALUES (63, 5, null, null, 30, 1);
INSERT INTO musicsite.ratings (id, rating, album_id, performer_id, track_id, user_id) VALUES (64, 4, null, null, 31, 1);
INSERT INTO musicsite.ratings (id, rating, album_id, performer_id, track_id, user_id) VALUES (65, 5, null, null, 32, 1);
INSERT INTO musicsite.ratings (id, rating, album_id, performer_id, track_id, user_id) VALUES (66, 5, null, null, 38, 1);
INSERT INTO musicsite.ratings (id, rating, album_id, performer_id, track_id, user_id) VALUES (67, 4, null, null, 37, 1);
INSERT INTO musicsite.ratings (id, rating, album_id, performer_id, track_id, user_id) VALUES (69, 5, null, null, 36, 1);
INSERT INTO musicsite.ratings (id, rating, album_id, performer_id, track_id, user_id) VALUES (70, 3, null, null, 35, 1);
INSERT INTO musicsite.ratings (id, rating, album_id, performer_id, track_id, user_id) VALUES (71, 5, null, null, 34, 1);
INSERT INTO musicsite.ratings (id, rating, album_id, performer_id, track_id, user_id) VALUES (72, 5, null, null, 33, 1);
INSERT INTO musicsite.ratings (id, rating, album_id, performer_id, track_id, user_id) VALUES (73, 4, null, 3, null, 2);
INSERT INTO musicsite.ratings (id, rating, album_id, performer_id, track_id, user_id) VALUES (74, 5, null, 16, null, 2);
INSERT INTO musicsite.ratings (id, rating, album_id, performer_id, track_id, user_id) VALUES (75, 3, null, 12, null, 2);
INSERT INTO musicsite.ratings (id, rating, album_id, performer_id, track_id, user_id) VALUES (76, 5, null, 19, null, 2);
INSERT INTO musicsite.ratings (id, rating, album_id, performer_id, track_id, user_id) VALUES (77, 1, null, 6, null, 2);
INSERT INTO musicsite.ratings (id, rating, album_id, performer_id, track_id, user_id) VALUES (78, 4, null, 15, null, 2);
INSERT INTO musicsite.ratings (id, rating, album_id, performer_id, track_id, user_id) VALUES (79, 5, null, 8, null, 2);
INSERT INTO musicsite.ratings (id, rating, album_id, performer_id, track_id, user_id) VALUES (80, 3, null, 11, null, 2);
INSERT INTO musicsite.ratings (id, rating, album_id, performer_id, track_id, user_id) VALUES (81, 5, null, 5, null, 2);
INSERT INTO musicsite.ratings (id, rating, album_id, performer_id, track_id, user_id) VALUES (82, 4, null, 7, null, 2);
INSERT INTO musicsite.ratings (id, rating, album_id, performer_id, track_id, user_id) VALUES (83, 5, null, 10, null, 2);
INSERT INTO musicsite.ratings (id, rating, album_id, performer_id, track_id, user_id) VALUES (84, 3, null, 14, null, 2);
INSERT INTO musicsite.ratings (id, rating, album_id, performer_id, track_id, user_id) VALUES (85, 5, null, 18, null, 2);
INSERT INTO musicsite.ratings (id, rating, album_id, performer_id, track_id, user_id) VALUES (86, 4, null, 21, null, 2);
INSERT INTO musicsite.ratings (id, rating, album_id, performer_id, track_id, user_id) VALUES (87, 5, null, 2, null, 2);
INSERT INTO musicsite.ratings (id, rating, album_id, performer_id, track_id, user_id) VALUES (88, 3, null, 9, null, 2);
INSERT INTO musicsite.ratings (id, rating, album_id, performer_id, track_id, user_id) VALUES (89, 5, null, 13, null, 2);
INSERT INTO musicsite.ratings (id, rating, album_id, performer_id, track_id, user_id) VALUES (90, 4, null, 17, null, 2);
INSERT INTO musicsite.ratings (id, rating, album_id, performer_id, track_id, user_id) VALUES (91, 3, null, 4, null, 2);
INSERT INTO musicsite.ratings (id, rating, album_id, performer_id, track_id, user_id) VALUES (92, 4, null, 20, null, 2);
INSERT INTO musicsite.ratings (id, rating, album_id, performer_id, track_id, user_id) VALUES (93, 5, 4, null, null, 2);
INSERT INTO musicsite.ratings (id, rating, album_id, performer_id, track_id, user_id) VALUES (94, 4, 6, null, null, 2);
INSERT INTO musicsite.ratings (id, rating, album_id, performer_id, track_id, user_id) VALUES (95, 4, 7, null, null, 2);
INSERT INTO musicsite.ratings (id, rating, album_id, performer_id, track_id, user_id) VALUES (96, 3, 10, null, null, 2);
INSERT INTO musicsite.ratings (id, rating, album_id, performer_id, track_id, user_id) VALUES (97, 3, 1, null, null, 2);
INSERT INTO musicsite.ratings (id, rating, album_id, performer_id, track_id, user_id) VALUES (98, 4, 9, null, null, 2);
INSERT INTO musicsite.ratings (id, rating, album_id, performer_id, track_id, user_id) VALUES (99, 2, 3, null, null, 2);
INSERT INTO musicsite.ratings (id, rating, album_id, performer_id, track_id, user_id) VALUES (100, 4, 5, null, null, 2);
INSERT INTO musicsite.ratings (id, rating, album_id, performer_id, track_id, user_id) VALUES (101, 5, 2, null, null, 2);
INSERT INTO musicsite.ratings (id, rating, album_id, performer_id, track_id, user_id) VALUES (102, 5, 8, null, null, 2);
INSERT INTO musicsite.ratings (id, rating, album_id, performer_id, track_id, user_id) VALUES (103, 4, null, null, 5, 2);
INSERT INTO musicsite.ratings (id, rating, album_id, performer_id, track_id, user_id) VALUES (104, 5, null, null, 9, 2);
INSERT INTO musicsite.ratings (id, rating, album_id, performer_id, track_id, user_id) VALUES (105, 3, null, null, 13, 2);
INSERT INTO musicsite.ratings (id, rating, album_id, performer_id, track_id, user_id) VALUES (106, 4, null, null, 15, 2);
INSERT INTO musicsite.ratings (id, rating, album_id, performer_id, track_id, user_id) VALUES (107, 5, null, null, 17, 2);
INSERT INTO musicsite.ratings (id, rating, album_id, performer_id, track_id, user_id) VALUES (108, 4, null, null, 20, 2);
INSERT INTO musicsite.ratings (id, rating, album_id, performer_id, track_id, user_id) VALUES (109, 3, null, null, 22, 2);
INSERT INTO musicsite.ratings (id, rating, album_id, performer_id, track_id, user_id) VALUES (110, 5, null, null, 24, 2);
INSERT INTO musicsite.ratings (id, rating, album_id, performer_id, track_id, user_id) VALUES (111, 3, null, null, 25, 2);
INSERT INTO musicsite.ratings (id, rating, album_id, performer_id, track_id, user_id) VALUES (112, 2, null, null, 28, 2);
INSERT INTO musicsite.ratings (id, rating, album_id, performer_id, track_id, user_id) VALUES (113, 3, null, null, 30, 2);
INSERT INTO musicsite.ratings (id, rating, album_id, performer_id, track_id, user_id) VALUES (114, 4, null, null, 32, 2);
INSERT INTO musicsite.ratings (id, rating, album_id, performer_id, track_id, user_id) VALUES (115, 2, null, null, 33, 2);
INSERT INTO musicsite.ratings (id, rating, album_id, performer_id, track_id, user_id) VALUES (116, 4, null, null, 34, 2);
INSERT INTO musicsite.ratings (id, rating, album_id, performer_id, track_id, user_id) VALUES (117, 4, null, null, 36, 2);
INSERT INTO musicsite.ratings (id, rating, album_id, performer_id, track_id, user_id) VALUES (118, 2, null, null, 38, 2);
INSERT INTO musicsite.ratings (id, rating, album_id, performer_id, track_id, user_id) VALUES (119, 4, null, null, 1, 2);
INSERT INTO musicsite.ratings (id, rating, album_id, performer_id, track_id, user_id) VALUES (120, 3, null, null, 4, 2);
INSERT INTO musicsite.ratings (id, rating, album_id, performer_id, track_id, user_id) VALUES (121, 4, null, null, 6, 2);
INSERT INTO musicsite.ratings (id, rating, album_id, performer_id, track_id, user_id) VALUES (122, 3, null, null, 7, 2);
INSERT INTO musicsite.ratings (id, rating, album_id, performer_id, track_id, user_id) VALUES (123, 4, null, null, 11, 2);
INSERT INTO musicsite.ratings (id, rating, album_id, performer_id, track_id, user_id) VALUES (124, 5, null, null, 14, 2);
INSERT INTO musicsite.ratings (id, rating, album_id, performer_id, track_id, user_id) VALUES (125, 2, null, null, 18, 2);
INSERT INTO musicsite.ratings (id, rating, album_id, performer_id, track_id, user_id) VALUES (126, 4, null, null, 26, 2);
INSERT INTO musicsite.ratings (id, rating, album_id, performer_id, track_id, user_id) VALUES (127, 3, null, null, 27, 2);
INSERT INTO musicsite.ratings (id, rating, album_id, performer_id, track_id, user_id) VALUES (128, 2, null, null, 31, 2);
INSERT INTO musicsite.ratings (id, rating, album_id, performer_id, track_id, user_id) VALUES (129, 3, null, null, 37, 2);
INSERT INTO musicsite.ratings (id, rating, album_id, performer_id, track_id, user_id) VALUES (130, 4, null, null, 16, 2);
INSERT INTO musicsite.ratings (id, rating, album_id, performer_id, track_id, user_id) VALUES (131, 3, null, null, 19, 2);
INSERT INTO musicsite.ratings (id, rating, album_id, performer_id, track_id, user_id) VALUES (132, 4, null, null, 21, 2);
INSERT INTO musicsite.ratings (id, rating, album_id, performer_id, track_id, user_id) VALUES (133, 4, null, null, 23, 2);
INSERT INTO musicsite.ratings (id, rating, album_id, performer_id, track_id, user_id) VALUES (134, 3, null, null, 29, 2);
INSERT INTO musicsite.ratings (id, rating, album_id, performer_id, track_id, user_id) VALUES (135, 5, null, null, 35, 2);
INSERT INTO musicsite.ratings (id, rating, album_id, performer_id, track_id, user_id) VALUES (136, 4, null, null, 8, 2);
INSERT INTO musicsite.ratings (id, rating, album_id, performer_id, track_id, user_id) VALUES (137, 5, null, null, 12, 2);
INSERT INTO musicsite.ratings (id, rating, album_id, performer_id, track_id, user_id) VALUES (138, 4, null, null, 10, 2);
INSERT INTO musicsite.ratings (id, rating, album_id, performer_id, track_id, user_id) VALUES (139, 4, null, null, 3, 2);
INSERT INTO musicsite.ratings (id, rating, album_id, performer_id, track_id, user_id) VALUES (140, 4, null, 6, null, 5);
INSERT INTO musicsite.ratings (id, rating, album_id, performer_id, track_id, user_id) VALUES (141, 5, null, 12, null, 5);
INSERT INTO musicsite.ratings (id, rating, album_id, performer_id, track_id, user_id) VALUES (142, 5, null, 3, null, 5);
INSERT INTO musicsite.ratings (id, rating, album_id, performer_id, track_id, user_id) VALUES (143, 5, null, 11, null, 5);
INSERT INTO musicsite.ratings (id, rating, album_id, performer_id, track_id, user_id) VALUES (144, 5, null, 1, null, 5);
INSERT INTO musicsite.ratings (id, rating, album_id, performer_id, track_id, user_id) VALUES (145, 4, null, 16, null, 5);
INSERT INTO musicsite.ratings (id, rating, album_id, performer_id, track_id, user_id) VALUES (146, 3, null, 14, null, 5);
INSERT INTO musicsite.ratings (id, rating, album_id, performer_id, track_id, user_id) VALUES (147, 5, null, 4, null, 5);
INSERT INTO musicsite.ratings (id, rating, album_id, performer_id, track_id, user_id) VALUES (148, 2, null, 7, null, 5);
INSERT INTO musicsite.ratings (id, rating, album_id, performer_id, track_id, user_id) VALUES (149, 5, null, 8, null, 5);
INSERT INTO musicsite.ratings (id, rating, album_id, performer_id, track_id, user_id) VALUES (150, 2, null, 9, null, 5);
INSERT INTO musicsite.ratings (id, rating, album_id, performer_id, track_id, user_id) VALUES (151, 5, null, 19, null, 5);
INSERT INTO musicsite.ratings (id, rating, album_id, performer_id, track_id, user_id) VALUES (152, 5, null, 21, null, 5);
INSERT INTO musicsite.ratings (id, rating, album_id, performer_id, track_id, user_id) VALUES (153, 5, null, 10, null, 5);
INSERT INTO musicsite.ratings (id, rating, album_id, performer_id, track_id, user_id) VALUES (154, 5, null, 17, null, 5);
INSERT INTO musicsite.ratings (id, rating, album_id, performer_id, track_id, user_id) VALUES (155, 2, null, 18, null, 5);
INSERT INTO musicsite.ratings (id, rating, album_id, performer_id, track_id, user_id) VALUES (156, 5, null, 5, null, 5);
INSERT INTO musicsite.ratings (id, rating, album_id, performer_id, track_id, user_id) VALUES (157, 3, null, 20, null, 5);
INSERT INTO musicsite.ratings (id, rating, album_id, performer_id, track_id, user_id) VALUES (158, 5, null, 2, null, 5);
INSERT INTO musicsite.ratings (id, rating, album_id, performer_id, track_id, user_id) VALUES (159, 4, null, 13, null, 5);
INSERT INTO musicsite.ratings (id, rating, album_id, performer_id, track_id, user_id) VALUES (160, 5, null, null, 9, 5);
INSERT INTO musicsite.ratings (id, rating, album_id, performer_id, track_id, user_id) VALUES (161, 4, null, null, 17, 5);
INSERT INTO musicsite.ratings (id, rating, album_id, performer_id, track_id, user_id) VALUES (162, 4, null, null, 24, 5);
INSERT INTO musicsite.ratings (id, rating, album_id, performer_id, track_id, user_id) VALUES (163, 5, null, null, 5, 5);
INSERT INTO musicsite.ratings (id, rating, album_id, performer_id, track_id, user_id) VALUES (164, 3, null, null, 14, 5);
INSERT INTO musicsite.ratings (id, rating, album_id, performer_id, track_id, user_id) VALUES (165, 4, null, null, 15, 5);
INSERT INTO musicsite.ratings (id, rating, album_id, performer_id, track_id, user_id) VALUES (166, 5, null, null, 20, 5);
INSERT INTO musicsite.ratings (id, rating, album_id, performer_id, track_id, user_id) VALUES (167, 4, null, 2, null, 3);
INSERT INTO musicsite.ratings (id, rating, album_id, performer_id, track_id, user_id) VALUES (169, 3, 11, null, null, 3);
INSERT INTO musicsite.tracks (id, average, name, ordinal_num, proposition, year_of_publication, album_id, category_id, performer_id) VALUES (1, 4, 'We can get down', 7, false, '1993', 6, 1, 4);
INSERT INTO musicsite.tracks (id, average, name, ordinal_num, proposition, year_of_publication, album_id, category_id, performer_id) VALUES (3, 4, 'Insert', 1, false, '2008', 8, 1, 7);
INSERT INTO musicsite.tracks (id, average, name, ordinal_num, proposition, year_of_publication, album_id, category_id, performer_id) VALUES (4, 3.5, 'Bumbox', 2, false, '2008', 8, 1, 7);
INSERT INTO musicsite.tracks (id, average, name, ordinal_num, proposition, year_of_publication, album_id, category_id, performer_id) VALUES (5, 4.666666666666667, 'Świat jest pełen filozofów', 3, false, '2008', 8, 1, 7);
INSERT INTO musicsite.tracks (id, average, name, ordinal_num, proposition, year_of_publication, album_id, category_id, performer_id) VALUES (6, 4, 'Co to będzie?', 4, false, '2008', 8, 1, 7);
INSERT INTO musicsite.tracks (id, average, name, ordinal_num, proposition, year_of_publication, album_id, category_id, performer_id) VALUES (7, 3.5, 'Nic tu po nas', 5, false, '2008', 8, 1, 7);
INSERT INTO musicsite.tracks (id, average, name, ordinal_num, proposition, year_of_publication, album_id, category_id, performer_id) VALUES (8, 3, 'Nie zostało nic', 6, false, '2008', 8, 1, 7);
INSERT INTO musicsite.tracks (id, average, name, ordinal_num, proposition, year_of_publication, album_id, category_id, performer_id) VALUES (9, 5, 'Traper', 7, false, '2013', null, 1, 5);
INSERT INTO musicsite.tracks (id, average, name, ordinal_num, proposition, year_of_publication, album_id, category_id, performer_id) VALUES (10, 2.5, 'Rimshot (Intro)', 1, false, '1997', 9, 6, 10);
INSERT INTO musicsite.tracks (id, average, name, ordinal_num, proposition, year_of_publication, album_id, category_id, performer_id) VALUES (11, 4, 'On & On', 2, false, '1997', 9, 6, 10);
INSERT INTO musicsite.tracks (id, average, name, ordinal_num, proposition, year_of_publication, album_id, category_id, performer_id) VALUES (12, 3.5, 'Appletree', 3, false, '1997', 9, 6, 10);
INSERT INTO musicsite.tracks (id, average, name, ordinal_num, proposition, year_of_publication, album_id, category_id, performer_id) VALUES (13, 4, 'Otherside of the Game', 4, false, '1997', 9, 6, 10);
INSERT INTO musicsite.tracks (id, average, name, ordinal_num, proposition, year_of_publication, album_id, category_id, performer_id) VALUES (14, 4, 'Sometimes (Mix #9)', 5, false, '1997', 9, 6, 10);
INSERT INTO musicsite.tracks (id, average, name, ordinal_num, proposition, year_of_publication, album_id, category_id, performer_id) VALUES (15, 4.333333333333333, 'Next Lifetime', 6, false, '1997', 9, 6, 10);
INSERT INTO musicsite.tracks (id, average, name, ordinal_num, proposition, year_of_publication, album_id, category_id, performer_id) VALUES (16, 3.5, 'Afro', 7, false, '1997', 9, 6, 10);
INSERT INTO musicsite.tracks (id, average, name, ordinal_num, proposition, year_of_publication, album_id, category_id, performer_id) VALUES (17, 4.666666666666667, 'Certainly', 8, false, '1997', 9, 6, 10);
INSERT INTO musicsite.tracks (id, average, name, ordinal_num, proposition, year_of_publication, album_id, category_id, performer_id) VALUES (18, 3, '4 Leaf Clover', 9, false, '1997', 9, 6, 10);
INSERT INTO musicsite.tracks (id, average, name, ordinal_num, proposition, year_of_publication, album_id, category_id, performer_id) VALUES (19, 3, 'No Love', 10, false, '1997', 9, 7, 10);
INSERT INTO musicsite.tracks (id, average, name, ordinal_num, proposition, year_of_publication, album_id, category_id, performer_id) VALUES (20, 4.666666666666667, 'Drama', 11, false, '1997', 9, 7, 10);
INSERT INTO musicsite.tracks (id, average, name, ordinal_num, proposition, year_of_publication, album_id, category_id, performer_id) VALUES (21, 3.5, 'Sometimes...', 12, false, '1997', 9, 6, 10);
INSERT INTO musicsite.tracks (id, average, name, ordinal_num, proposition, year_of_publication, album_id, category_id, performer_id) VALUES (22, 4, 'Certainly [Flipped It]', 13, false, '1997', 9, 6, 10);
INSERT INTO musicsite.tracks (id, average, name, ordinal_num, proposition, year_of_publication, album_id, category_id, performer_id) VALUES (23, 3.5, 'Rimshot (Outro)', 14, false, '1997', 9, 6, 10);
INSERT INTO musicsite.tracks (id, average, name, ordinal_num, proposition, year_of_publication, album_id, category_id, performer_id) VALUES (24, 4.666666666666667, 'Blues Boys Tune', 1, false, '1998', 10, 9, 8);
INSERT INTO musicsite.tracks (id, average, name, ordinal_num, proposition, year_of_publication, album_id, category_id, performer_id) VALUES (25, 4, 'Bad Case of Love', 2, false, '1998', 10, 9, 8);
INSERT INTO musicsite.tracks (id, average, name, ordinal_num, proposition, year_of_publication, album_id, category_id, performer_id) VALUES (26, 4, 'I''ll Survive', 3, false, '1998', 10, 9, 8);
INSERT INTO musicsite.tracks (id, average, name, ordinal_num, proposition, year_of_publication, album_id, category_id, performer_id) VALUES (27, 3.5, 'Mean Ole'' World', 4, false, '1998', 10, 9, 8);
INSERT INTO musicsite.tracks (id, average, name, ordinal_num, proposition, year_of_publication, album_id, category_id, performer_id) VALUES (28, 3.5, 'Blues Man', 5, false, '1998', 10, 9, 8);
INSERT INTO musicsite.tracks (id, average, name, ordinal_num, proposition, year_of_publication, album_id, category_id, performer_id) VALUES (29, 3, 'Broken Promise', 6, false, '1998', 10, 9, 8);
INSERT INTO musicsite.tracks (id, average, name, ordinal_num, proposition, year_of_publication, album_id, category_id, performer_id) VALUES (30, 4, 'Darlin'' What Happened', 7, false, '1998', 10, 9, 8);
INSERT INTO musicsite.tracks (id, average, name, ordinal_num, proposition, year_of_publication, album_id, category_id, performer_id) VALUES (31, 3, 'Shake It Up and Go', 8, false, '1998', 10, 9, 8);
INSERT INTO musicsite.tracks (id, average, name, ordinal_num, proposition, year_of_publication, album_id, category_id, performer_id) VALUES (32, 4.5, 'Blues We Like', 9, false, '1998', 10, 9, 8);
INSERT INTO musicsite.tracks (id, average, name, ordinal_num, proposition, year_of_publication, album_id, category_id, performer_id) VALUES (33, 3.5, 'Good Man Gone Bad', 10, false, '1998', 10, 9, 8);
INSERT INTO musicsite.tracks (id, average, name, ordinal_num, proposition, year_of_publication, album_id, category_id, performer_id) VALUES (34, 4.5, 'If I Lost You', 11, false, '1998', 10, 9, 8);
INSERT INTO musicsite.tracks (id, average, name, ordinal_num, proposition, year_of_publication, album_id, category_id, performer_id) VALUES (35, 4, 'Tell Me Baby', 12, false, '1998', 10, 9, 8);
INSERT INTO musicsite.tracks (id, average, name, ordinal_num, proposition, year_of_publication, album_id, category_id, performer_id) VALUES (36, 4.5, 'I Got Some Outside Help I Don''t Need', 13, false, '1998', 10, 9, 8);
INSERT INTO musicsite.tracks (id, average, name, ordinal_num, proposition, year_of_publication, album_id, category_id, performer_id) VALUES (37, 3.5, 'Blues in G', 14, false, '1998', 10, 9, 8);
INSERT INTO musicsite.tracks (id, average, name, ordinal_num, proposition, year_of_publication, album_id, category_id, performer_id) VALUES (38, 3.5, 'If That Ain''t It I Quit', 15, false, '1998', 10, 9, 8);
INSERT INTO musicsite.tracks (id, average, name, ordinal_num, proposition, year_of_publication, album_id, category_id, performer_id) VALUES (39, 0, 'Szacunek ludzi ulicy', 1, false, '2006', 1, 1, 1);
INSERT INTO musicsite.tracks (id, average, name, ordinal_num, proposition, year_of_publication, album_id, category_id, performer_id) VALUES (40, 0, 'I Saw Her Standing There', 1, false, '1963', 11, 2, 23);
INSERT INTO musicsite.tracks (id, average, name, ordinal_num, proposition, year_of_publication, album_id, category_id, performer_id) VALUES (41, 0, 'Misery', 2, false, '1963', 11, 2, 23);
INSERT INTO musicsite.tracks (id, average, name, ordinal_num, proposition, year_of_publication, album_id, category_id, performer_id) VALUES (42, 5, 'Anna (Go to Him)', 3, false, '1963', 11, 2, 23);
INSERT INTO musicsite.tracks (id, average, name, ordinal_num, proposition, year_of_publication, album_id, category_id, performer_id) VALUES (43, 0, 'Chains', 4, false, '1963', 11, 2, 23);
INSERT INTO musicsite.tracks (id, average, name, ordinal_num, proposition, year_of_publication, album_id, category_id, performer_id) VALUES (44, 0, 'Boys', 5, false, '1963', 11, 2, 23);
INSERT INTO musicsite.tracks (id, average, name, ordinal_num, proposition, year_of_publication, album_id, category_id, performer_id) VALUES (45, 0, 'Ask Me Why', 6, false, '1963', 11, 2, 23);
INSERT INTO musicsite.tracks (id, average, name, ordinal_num, proposition, year_of_publication, album_id, category_id, performer_id) VALUES (46, 0, 'Please Please Me', 7, false, '1963', 11, 2, 23);
INSERT INTO musicsite.tracks (id, average, name, ordinal_num, proposition, year_of_publication, album_id, category_id, performer_id) VALUES (47, 0, 'Love Me Do', 8, false, '1963', 11, 2, 23);
INSERT INTO musicsite.tracks (id, average, name, ordinal_num, proposition, year_of_publication, album_id, category_id, performer_id) VALUES (48, 0, 'P.S. I Love You', 9, false, '1963', 11, 2, 23);
INSERT INTO musicsite.tracks (id, average, name, ordinal_num, proposition, year_of_publication, album_id, category_id, performer_id) VALUES (49, 0, 'Baby It’s You', 10, false, '1963', 11, 2, 23);
INSERT INTO musicsite.tracks (id, average, name, ordinal_num, proposition, year_of_publication, album_id, category_id, performer_id) VALUES (50, 0, 'Do You Want to Know a Secret', 11, false, '1963', 11, 2, 23);
INSERT INTO musicsite.tracks (id, average, name, ordinal_num, proposition, year_of_publication, album_id, category_id, performer_id) VALUES (51, 0, 'A Taste of Honey', 12, false, '1963', 11, 2, 23);
INSERT INTO musicsite.tracks (id, average, name, ordinal_num, proposition, year_of_publication, album_id, category_id, performer_id) VALUES (52, 0, 'There’s a Place', 13, false, '1963', 11, 2, 23);
INSERT INTO musicsite.tracks (id, average, name, ordinal_num, proposition, year_of_publication, album_id, category_id, performer_id) VALUES (53, 0, 'Twist and Shout', 14, false, '1963', 11, 2, 23);
INSERT INTO musicsite.users (id, admin, confirmed, email, first_name, password, username) VALUES (1, true, true, 'pss@gmail.com', 'Mr. Hide', '$2a$10$1gb3IF3813JSbZ2X7XERGOVPTYAmIvdOP1MdCs5xVG8DLKEB41uby', 'Dr. Jekyll');
INSERT INTO musicsite.users (id, admin, confirmed, email, first_name, password, username) VALUES (2, false, true, 'blabla@gmail.com', 'Roman', '$2a$10$crECq/A.Cdlvb5CTsJAIJ.Pjmxi2xsYBtSFaakYIm2EJtwVzy0kCm', 'Angel');
INSERT INTO musicsite.users (id, admin, confirmed, email, first_name, password, username) VALUES (3, false, true, 'barbara@rabarbar', 'Barbara', '$2a$10$xp2XCf2OIQjcuf02KjbnrupLCrfzAyfE4OAEZN1P0xagIsy4uUIwm', 'Rabarbar');
INSERT INTO musicsite.users (id, admin, confirmed, email, first_name, password, username) VALUES (5, false, true, 'aniolowski93@gmail.com', 'Tomasz', '$2a$10$tFPVOJz9Ev/fDcuhbr7xBuBWxKMd2xJ/ESKjoMAldCRRGbebY6f2e', 'Filozof');